id,source_image_id,split,detector,min_area_um2,mask_source,correction_minutes,quality_control_flags,excluded_from_summary,scale_nm_per_px,axon_area_um2,outer_fiber_area_um2,gross_sheath_area_um2,intact_myelin_area_um2,vacuole_area_um2,vacuole_burden,g_ratio,intact_equivalent_g_ratio
damaged_12_axon-01,damaged_12,dev,intensity,0.01,axondeepseg_benchmark_field,,pass,False,5.523,0.2519591495399999,0.4840299981719999,0.23207084863199995,0.23207084863199995,0.0,0.0,0.7214876936299682,0.7214876936299682
damaged_12_axon-02,damaged_12,dev,intensity,0.01,axondeepseg_benchmark_field,,pass,False,5.523,0.0070158116699999985,0.007808903423999998,0.0007930917539999998,0.0007930917539999998,0.0,0.0,0.9478594305064438,0.9478594305064438
p120_neo1_axon-01,p120_neo1,dev,intensity,0.01,axondeepseg_benchmark_field,,pass,False,5.523,0.08946685055699997,0.11847570663599997,0.029008856078999994,0.029008856078999994,0.0,0.0,0.8689932856973197,0.8689932856973197
p120_neo1_axon-02,p120_neo1,dev,intensity,0.01,axondeepseg_benchmark_field,,pass,False,5.523,0.13208028056999996,0.19006748919899996,0.05798720862899999,0.05798720862899999,0.0,0.0,0.8336141398175028,0.8336141398175028
p126_neo1_axon-01,p126_neo1,dev,intensity,0.01,axondeepseg_benchmark_field,,pass,False,5.523,0.0019522258559999995,0.0020437364429999995,9.151058699999998e-05,9.151058699999998e-05,0.0,0.0,0.9773555548504418,0.9773555548504418
p1292_neo1_axon-01,p1292_neo1,dev,intensity,0.01,axondeepseg_benchmark_field,,empty_axon;empty_outer_fiber;empty_gross_sheath,True,5.523,0.0,0.0,0.0,0.0,0.0,,,
p1292_neo1_axon-02,p1292_neo1,dev,intensity,0.01,axondeepseg_benchmark_field,,pass,False,5.523,0.025226418482999995,0.026385552584999993,0.0011591341019999996,0.0011591341019999996,0.0,0.0,0.9777879955091746,0.9777879955091746
p1292_neo1_axon-03,p1292_neo1,dev,intensity,0.01,axondeepseg_benchmark_field,,pass,False,5.523,0.05283211222799999,0.058719293324999984,0.005887181096999998,0.005887181096999998,0.0,0.0,0.9485463930352904,0.9485463930352904
p120_neo2_axon-01,p120_neo2,test,intensity,0.01,axondeepseg_benchmark_field,,pass,False,5.523,0.31000736522699995,0.5828919356609998,0.27288457043399994,0.27288457043399994,0.0,0.0,0.7292761026454865,0.7292761026454865
p120_neo3_axon-01,p120_neo3,test,intensity,0.01,axondeepseg_benchmark_field,,pass,False,5.523,0.20382458077799995,0.25555856596199994,0.051733985183999985,0.03855646065599999,0.013177524527999997,0.25471698113207547,0.8930649759815343,0.9170203117719726
p120_neo3_axon-02,p120_neo3,test,intensity,0.01,axondeepseg_benchmark_field,,empty_axon;empty_outer_fiber;empty_gross_sheath,True,5.523,0.0,0.0,0.0,0.0,0.0,,,
p120_neo3_axon-03,p120_neo3,test,intensity,0.01,axondeepseg_benchmark_field,,pass,False,5.523,0.0029283387839999994,0.0032638776029999994,0.0003355388189999999,0.0003355388189999999,0.0,0.0,0.9472044455566301,0.9472044455566301
p1292_neo2_axon-01,p1292_neo2,test,intensity,0.01,axondeepseg_benchmark_field,,pass,False,5.523,0.17853715523699995,0.2986905559679999,0.12015340073099998,0.10282739625899998,0.017326004471999997,0.1441990352881442,0.7731318407213965,0.7965803974333173
p1292_neo2_axon-02,p1292_neo2,test,intensity,0.01,axondeepseg_benchmark_field,,empty_axon;empty_outer_fiber;empty_gross_sheath,True,5.523,0.0,0.0,0.0,0.0,0.0,,,
p1292_neo2_axon-03,p1292_neo2,test,intensity,0.01,axondeepseg_benchmark_field,,pass,False,5.523,0.5596177430339999,0.8319227464169998,0.27230500338299995,0.27230500338299995,0.0,0.0,0.8201706772783748,0.8201706772783748
p1292_neo2_axon-04,p1292_neo2,test,intensity,0.01,axondeepseg_benchmark_field,,empty_axon;empty_outer_fiber;empty_gross_sheath,True,5.523,0.0,0.0,0.0,0.0,0.0,,,
p1292_neo3_axon-01,p1292_neo3,test,intensity,0.01,axondeepseg_benchmark_field,,pass,False,5.523,0.6113822317469999,0.8144442242999999,0.20306199255299995,0.20306199255299995,0.0,0.0,0.8664145412580347,0.8664145412580347
p1292_neo3_axon-02,p1292_neo3,test,intensity,0.01,axondeepseg_benchmark_field,,pass,False,5.523,0.8549529108119998,1.1447669398409996,0.28981402902899994,0.26294041997999995,0.026873609048999995,0.09272708135985686,0.8641966097653232,0.8745223538046824
p1292_neo3_axon-03,p1292_neo3,test,intensity,0.01,axondeepseg_benchmark_field,,empty_axon;empty_outer_fiber;empty_gross_sheath,True,5.523,0.0,0.0,0.0,0.0,0.0,,,
p1292_neo5_axon-01,p1292_neo5,test,intensity,0.01,axondeepseg_benchmark_field,,pass,False,5.523,0.8839312633619998,1.5988119690059996,0.7148807056439999,0.6681492992159999,0.046731406427999986,0.0653695169824202,0.7435506401518189,0.7546613657622705
p1292_neo5_axon-02,p1292_neo5,test,intensity,0.01,axondeepseg_benchmark_field,,empty_axon;empty_outer_fiber;empty_gross_sheath,True,5.523,0.0,0.0,0.0,0.0,0.0,,,
p1292_neo5_axon-03,p1292_neo5,test,intensity,0.01,axondeepseg_benchmark_field,,empty_axon;empty_outer_fiber;empty_gross_sheath,True,5.523,0.0,0.0,0.0,0.0,0.0,,,
p1292_neo6_axon-01,p1292_neo6,test,intensity,0.01,axondeepseg_benchmark_field,,pass,False,5.523,0.04224738766499999,0.04505371233299999,0.0028063246679999993,0.0028063246679999993,0.0,0.0,0.9683550885506845,0.9683550885506845
p1292_neo6_axon-02,p1292_neo6,test,intensity,0.01,axondeepseg_benchmark_field,,empty_axon;empty_outer_fiber;empty_gross_sheath,True,5.523,0.0,0.0,0.0,0.0,0.0,,,
extra_p1202_neoview12_01,extra_p1202_neoview12,dev,intensity,0.01,axondeepseg_benchmark_field,,empty_axon;empty_outer_fiber;empty_gross_sheath,True,9.0987,0.0,0.0,0.0,0.0,0.0,,,
extra_p1202_neoview12_02,extra_p1202_neoview12,dev,intensity,0.01,axondeepseg_benchmark_field,,pass,False,9.0987,0.20324046884894997,0.33785106043688995,0.13461059158793998,0.13461059158793998,0.0,0.0,0.7756083051886932,0.7756083051886932
extra_p1202_neoview12_03,extra_p1202_neoview12,dev,intensity,0.01,axondeepseg_benchmark_field,,pass,False,9.0987,0.25630651387223996,0.3674057844202199,0.11109927054797998,0.11109927054797998,0.0,0.0,0.835231427047771,0.835231427047771
extra_p1202_neoview12_04,extra_p1202_neoview12,dev,intensity,0.01,axondeepseg_benchmark_field,,empty_axon;empty_outer_fiber;empty_gross_sheath,True,9.0987,0.0,0.0,0.0,0.0,0.0,,,
extra_p1202_neoview12_05,extra_p1202_neoview12,dev,intensity,0.01,axondeepseg_benchmark_field,,pass,False,9.0987,0.21060845325935998,0.4092128869736699,0.19860443371430997,0.19860443371430997,0.0,0.0,0.7174030987876421,0.7174030987876421
extra_p1265_neoview1_01,extra_p1265_neoview1,dev,intensity,0.01,axondeepseg_benchmark_field,,pass,False,5.523,0.007656385778999998,0.007839406952999999,0.00018302117399999996,0.00018302117399999996,0.0,0.0,0.9882579099091767,0.9882579099091767
extra_p1265_neoview1_02,extra_p1265_neoview1,dev,intensity,0.01,axondeepseg_benchmark_field,,pass,False,5.523,0.24793268371199995,0.4444974245879999,0.19656474087599995,0.19656474087599995,0.0,0.0,0.7468480754228619,0.7468480754228619
extra_p1265_neoview1_03,extra_p1265_neoview1,dev,intensity,0.01,axondeepseg_benchmark_field,,pass,False,5.523,0.22066252878599996,0.4100589403469999,0.18939641156099996,0.18939641156099996,0.0,0.0,0.733569308702482,0.733569308702482
extra_p1292_neoview17_01,extra_p1292_neoview17,dev,intensity,0.01,axondeepseg_benchmark_field,,empty_axon;empty_outer_fiber;empty_gross_sheath,True,1.0908,0.0,0.0,0.0,0.0,0.0,,,
extra_p1292_neoview17_02,extra_p1292_neoview17,dev,intensity,0.01,axondeepseg_benchmark_field,,empty_axon;empty_outer_fiber;empty_gross_sheath,True,1.0908,0.0,0.0,0.0,0.0,0.0,,,
extra_p1293_neoview44_01,extra_p1293_neoview44,dev,intensity,0.01,axondeepseg_benchmark_field,,empty_axon;empty_outer_fiber;empty_gross_sheath,True,1.0908,0.0,0.0,0.0,0.0,0.0,,,
extra_p1293_neoview44_02,extra_p1293_neoview44,dev,intensity,0.01,axondeepseg_benchmark_field,,empty_axon;empty_outer_fiber;empty_gross_sheath,True,1.0908,0.0,0.0,0.0,0.0,0.0,,,
extra_p1265_neoview56_01,extra_p1265_neoview56,test,intensity,0.01,axondeepseg_benchmark_field,,pass,False,1.0908,0.0013861690056000003,0.0014218643448000003,3.569533920000001e-05,3.569533920000001e-05,0.0,0.0,0.9873679139457286,0.9873679139457286
extra_p1265_neoview57_01,extra_p1265_neoview57,test,intensity,0.01,axondeepseg_benchmark_field,,pass,False,1.0908,0.11983282322832002,0.21092970855600002,0.09109688532768001,0.08083804484160001,0.010258840486080001,0.11261461299339097,0.7537355848234042,0.7727619522125839
extra_p1292_neoview24_01,extra_p1292_neoview24,test,intensity,0.01,axondeepseg_benchmark_field,,empty_axon;empty_outer_fiber;empty_gross_sheath,True,1.0908,0.0,0.0,0.0,0.0,0.0,,,
extra_p1292_neoview28_01,extra_p1292_neoview28,test,intensity,0.01,axondeepseg_benchmark_field,,empty_axon;empty_outer_fiber;empty_gross_sheath,True,1.0908,0.0,0.0,0.0,0.0,0.0,,,
extra_p1292_neoview28_02,extra_p1292_neoview28,test,intensity,0.01,axondeepseg_benchmark_field,,empty_axon;empty_outer_fiber;empty_gross_sheath,True,1.0908,0.0,0.0,0.0,0.0,0.0,,,
extra_p1292_neoview30_01,extra_p1292_neoview30,test,intensity,0.01,axondeepseg_benchmark_field,,pass,False,1.0908,0.28214904932784,0.5427000387504001,0.26055098942256005,0.26055098942256005,0.0,0.0,0.7210400187540525,0.7210400187540525
extra_p1293_neoview46_01,extra_p1293_neoview46,test,intensity,0.01,axondeepseg_benchmark_field,,empty_axon;empty_outer_fiber;empty_gross_sheath,True,1.0908,0.0,0.0,0.0,0.0,0.0,,,
